client_id,first_name,last_name,email,country_code,region,signup_date,last_update_ts,status,account_balance_eur
CLI-10001,Lina,Thomas,lina.thomas1@example.com,FR,FR-IDF,2023-01-31,2026-09-04,active,5348.94
CLI-10002,Anna,Garcia,anna.garcia2@mailbox.eu,FR,FR-IDF,2020-05-02,2026-08-19,active,17.59
CLI-10003,Alice,Vincent,alice.vincent3@mailbox.eu,BE,BE-BXL,2022-06-21,2026-08-11,active,-146.71
CLI-10004,Tom,Laurent,tom.laurent4@example.fr,FR,FR-OUEST,2021-09-28,2026-09-04,active,560.52
CLI-10005,Noah,Moreau,noah.moreau5@mailbox.eu,FR,FR-IDF,2025-02-24,2026-08-26,active,446.16
CLI-10006,Noah,Lefebvre,noah.lefebvre6@example.com,LU,LU-LUX,2022-02-26,2026-04-13,active,6139.16
CLI-10007,Hugo,Michel,hugo.michel7@mailbox.eu,FR,FR-OUEST,2025-01-31,2026-08-27,active,2713.22
CLI-10008,Gabriel,Andre,gabriel.andre8@mailbox.eu,FR,FR-IDF,2021-12-01,2026-08-24,active,2911.53
CLI-10009,Alice,Vincent,alice.vincent9@example.fr,FR,FR-SUD,2023-08-21,2026-08-31,active,6538.78
CLI-10010,Ines,Dubois,ines.dubois10@mailbox.eu,FR,FR-SUD,2026-05-12,2026-08-18,closed,0.00
CLI-10011,Julia,Robert,julia.robert11@mailbox.eu,FR,FR-OUEST,2021-07-25,2026-08-30,active,5925.51
CLI-10012,Sarah,Lefebvre,sarah.lefebvre12@example.com,FR,FR-SUD,2021-07-20,2026-09-06,active,6861.04
CLI-10013,Gabriel,Garcia,gabriel.garcia13@example.com,LU,LU-LUX,2020-09-17,2026-08-24,active,4138.74
CLI-10014,Gabriel,Thomas,gabriel.thomas14@mailbox.eu,LU,LU-LUX,2022-12-28,2026-08-29,active,3365.08
CLI-10015,Raphael,Moreau,raphael.moreau15@mailbox.eu,LU,LU-LUX,2022-01-01,2026-08-18,active,2247.25
CLI-10016,Emma,Robert,emma.robert16@example.fr,FR,FR-OUEST,2021-10-23,2026-08-22,active,7331.65
CLI-10017,Camille,Thomas,camille.thomas17@example.fr,FR,FR-OUEST,2023-06-13,2026-08-20,active,7564.99
CLI-10018,Manon,Vincent,manon.vincent18@example.fr,FR,FR-SUD,2021-06-09,2026-09-02,active,1973.46
CLI-10019,Emma,Vincent,emma.vincent19@example.com,FR,FR-SUD,2023-06-30,2026-08-27,active,3392.42
CLI-10020,Louis,Leroy,louis.leroy20@mailbox.eu,FR,FR-IDF,2023-10-16,2026-08-20,active,1605.78
CLI-10021,Lucas,Leroy,lucas.leroy21@mailbox.eu,FR,FR-IDF,2020-05-08,2026-08-31,closed,0.00
CLI-10022,Chloe,Fournier,chloe.fournier22@example.fr,LU,LU-LUX,2025-04-20,2026-08-25,active,1361.36
CLI-10023,Jules,Garcia,jules.garcia23@example.fr,BE,BE-BXL,2025-03-27,2025-09-07,closed,0.00
CLI-10024,Raphael,Laurent,raphael.laurent24@example.com,FR,FR-IDF,2022-10-15,2026-09-03,active,3259.43
CLI-10025,Manon,David,manon.david25@example.com,LU,LU-LUX,2021-02-05,2026-08-12,active,-78.99
CLI-10026,Nathan,Garcia,,BE,BE-BXL,2025-05-25,2026-09-06,active,1150.02
CLI-10027,Sarah,Moreau,sarah.moreau27@example.com,BE,BE-BXL,2023-03-14,2026-08-13,active,4357.30
CLI-10028,Emma,Simon,emma.simon28example.fr,FR,FR-SUD,2020-08-27,2026-08-15,active,2371.56
CLI-10029,Lucas,Roux,lucas.roux29@mailbox.eu,FR,FR-IDF,2022-01-31,2026-08-11,active,1728.67
CLI-10030,Louis,Fournier,louis.fournier30@example.fr,LU,LU-LUX,2020-06-11,2026-08-20,active,4434.86
CLI-10031,Emma,Laurent,emma.laurent31@example.com,FR,FR-SUD,2022-12-23,2026-08-29,active,3549.24
CLI-10032,Camille,David,camille.david32@example.fr,LU,LU-LUX,2026-04-25,2026-09-01,closed,0.00
CLI-10033,Manon,Leroy,manon.leroy33@mailbox.eu,FR,FR-OUEST,2023-03-13,2026-08-16,active,2280.64
CLI-10034,Zoe,Martin,zoe.martin34@example.com,LU,LU-LUX,2023-05-11,2026-08-10,closed,0.00
CLI-10035,Raphael,Vincent,raphael.vincent35@example.fr,FR,FR-SUD,2023-01-20,2026-08-28,active,1469.50
CLI-10036,Zoe,Bertrand,zoe.bertrand36@example.com,FR,FR-OUEST,2020-07-27,2026-08-30,active,161.51
CLI-10037,Lina,Moreau,lina.moreau37@mailbox.eu,FR,FR-SUD,2024-12-14,2026-09-07,active,717.37
CLI-10038,Chloe,Vincent,chloe.vincent38@example.com,FR,FR-IDF,2024-02-21,2026-09-03,active,143.00
CLI-10039,Jules,Durand,jules.durand39@example.com,FR,FR-SUD,2021-02-25,2026-08-11,active,3132.29
CLI-10040,Louis,Petit,louis.petit40@mailbox.eu,FR,FR-SUD,2024-08-15,2026-08-28,active,6215.57
CLI-10041,Raphael,Leroy,raphael.leroy41@example.com,FR,FR-OUEST,2021-10-14,2026-08-11,active,117.54
CLI-10042,Julia,Lefebvre,julia.lefebvre42@example.fr,FR,FR-OUEST,2022-07-21,2026-08-26,active,2491.75
CLI-10043,Jules,Andre,jules.andre43@example.fr,LU,LU-LUX,2024-06-25,2026-08-28,active,7501.74
CLI-10044,Nathan,Fournier,nathan.fournier44@mailbox.eu,FR,FR-OUEST,2020-06-05,2026-08-15,active,6248.71
CLI-10045,Hugo,Michel,hugo.michel45@mailbox.eu,LU,LU-LUX,2022-02-17,2026-09-07,active,4063.35
CLI-10046,Raphael,Durand,raphael.durand46@example.com,FR,FR-OUEST,2024-11-01,2026-08-28,active,4909.87
CLI-10047,Raphael,Simon,raphael.simon47@example.fr,LU,LU-LUX,2023-06-20,2026-08-16,active,2224.37
CLI-10048,Gabriel,Michel,gabriel.michel48@mailbox.eu,FR,FR-SUD,2026-05-20,2026-09-07,active,2291.77
CLI-10049,Noah,Andre,noah.andre49@mailbox.eu,FR,FR-OUEST,2025-03-19,2026-08-22,active,3680.13
CLI-10050,Nathan,Dubois,nathan.dubois50@mailbox.eu,FR,FR-OUEST,2025-10-12,2026-09-05,active,6511.07
CLI-10051,Adam,Leroy,adam.leroy51@example.fr,FR,FR-SUD,2021-08-26,2026-08-23,active,4812.45
CLI-10052,Tom,Andre,tom.andre52@example.com,LU,LU-LUX,2022-03-07,2026-08-26,active,1800.67
CLI-10053,Jade,Thomas,jade.thomas53@example.com,BE,BE-BXL,2022-06-15,2026-08-22,active,3609.31
CLI-10054,Julia,Robert,julia.robert54@mailbox.eu,BE,BE-BXL,2025-12-15,2026-08-14,closed,0.00
CLI-10055,Zoe,Garcia,zoe.garcia55@mailbox.eu,LU,LU-LUX,2024-12-31,2026-08-23,closed,0.00
CLI-10056,Ines,Roux,ines.roux56@mailbox.eu,BE,BE-BXL,2022-09-06,2026-08-29,active,1722.85
CLI-10057,Manon,Robert,manon.robert57@mailbox.eu,FR,FR-SUD,2022-08-05,2026-09-01,active,326.68
CLI-10058,Julia,Garcia,julia.garcia58@mailbox.eu,FR,FR-IDF,2022-04-27,2026-08-14,active,4589.45
CLI-10059,Sarah,Bertrand,sarah.bertrand59@mailbox.eu,FR,FR-IDF,2023-12-11,2026-08-10,active,7618.13
CLI-10060,Raphael,Vincent,raphael.vincent60@mailbox.eu,LU,LU-LUX,2022-06-22,2026-08-23,active,38.00
CLI-10061,Sarah,Petit,sarah.petit61@example.com,BE,BE-BXL,2021-06-06,2026-08-09,closed,0.00
CLI-10062,Manon,Andre,manon.andre62@example.fr,BE,BE-BXL,2021-07-09,2026-08-30,closed,0.00
CLI-10063,Lea,Michel,lea.michel63example.fr,FR,FR-OUEST,2024-09-22,2026-09-07,active,5942.00
CLI-10064,Lina,Dubois,lina.dubois64@example.fr,FR,FR-IDF,2020-05-07,2026-09-07,closed,0.00
CLI-10065,Gabriel,Thomas,gabriel.thomas65@mailbox.eu,LU,LU-LUX,2022-06-11,2026-08-27,active,1175.87
CLI-10066,Alice,Thomas,alice.thomas66@example.fr,FR,FR-SUD,2023-06-28,2026-03-01,active,4521.53
CLI-10067,Sarah,Durand,sarah.durand67@mailbox.eu,FR,FR-IDF,2022-09-21,2026-08-11,active,5410.92
CLI-10068,Lucas,Lefebvre,lucas.lefebvre68@example.fr,LU,LU-LUX,2024-10-20,2026-08-18,active,2598.10
CLI-10069,Hugo,Garcia,hugo.garcia69@mailbox.eu,FR,FR-OUEST,2025-02-26,2026-08-15,active,4078.32
CLI-10070,Ethan,Bertrand,ethan.bertrand70@example.com,BE,BE-BXL,2024-11-19,2026-08-28,active,6784.05
CLI-10071,Ines,David,ines.david71@example.com,FR,FR-SUD,2025-03-18,2026-08-28,active,35.34
CLI-10072,Leo,Durand,leo.durand72@mailbox.eu,FR,FR-OUEST,2022-11-24,2026-08-16,active,7016.88
CLI-10073,Emma,Dubois,emma.dubois73@example.fr,FR,FR-SUD,2024-07-22,2026-08-16,active,3703.96
CLI-10074,Camille,Dubois,camille.dubois74@mailbox.eu,FR,FR-OUEST,2022-06-26,2026-08-17,active,4568.76
CLI-10075,Jules,Garcia,jules.garcia75@example.com,LU,LU-LUX,2023-09-16,2026-08-29,active,1861.51
CLI-10076,Lea,Thomas,lea.thomas76@mailbox.eu,LU,LU-LUX,2022-01-28,2026-08-30,active,5741.60
CLI-10077,Noah,Simon,noah.simon77@example.fr,FR,FR-IDF,2022-03-06,2026-08-29,active,-83.98
CLI-10078,Lucas,Bernard,lucas.bernard78@example.com,LU,LU-LUX,2023-04-11,2026-08-11,active,5972.90
CLI-10079,Anna,Simon,anna.simon79@example.com,BE,BE-BXL,2025-05-14,2026-09-06,active,1870.32
CLI-10080,Manon,Michel,manon.michel80@example.fr,BE,BE-BXL,2020-10-30,2026-09-03,active,1023.42
CLI-10081,Manon,Leroy,manon.leroy81@example.fr,FR,FR-IDF,2026-04-04,2026-08-13,active,4871.03
CLI-10082,Julia,David,julia.david82@example.com,FR,FR-OUEST,2024-10-22,2026-08-19,active,7672.89
CLI-10083,Lina,Durand,lina.durand83@mailbox.eu,FR,FR-OUEST,2020-11-28,2026-09-05,active,1083.57
CLI-10084,Noah,Bertrand,noah.bertrand84@example.com,FR,FR-OUEST,2020-05-13,2026-08-16,active,6848.78
CLI-10085,Ines,Andre,ines.andre85@example.com,LU,LU-LUX,2022-03-21,2026-08-18,active,1021.71
CLI-10086,Manon,Bernard,manon.bernard86@mailbox.eu,FR,FR-SUD,2023-06-13,2026-08-09,active,2166.61
CLI-10087,Adam,Michel,adam.michel87@example.fr,FR,FR-OUEST,2025-08-11,2026-08-19,active,126.86
CLI-10088,Noah,Moreau,noah.moreau88@mailbox.eu,FR,FR-IDF,2021-01-09,2026-08-11,active,4516.63
CLI-10089,Ines,Fournier,ines.fournier89@example.fr,FR,FR-IDF,2021-12-18,2026-08-09,active,2080.88
CLI-10090,Lina,Bertrand,lina.bertrand90@example.fr,FR,FR-IDF,2025-04-09,2026-08-17,active,657.72
CLI-10091,Alice,Bertrand,alice.bertrand91@example.com,FR,FR-OUEST,2024-06-28,2026-08-24,active,522.09
CLI-10092,Jade,Michel,jade.michel92@mailbox.eu,LU,LU-LUX,2020-01-05,2026-08-25,active,244.47
CLI-10093,Jade,Bertrand,jade.bertrand93@example.fr,BE,BE-BXL,2020-07-30,2026-08-09,active,2161.84
CLI-10094,Hugo,Martin,hugo.martin94@example.com,LU,LU-LUX,2022-09-07,2026-09-07,active,4328.46
CLI-10095,Julia,Thomas,julia.thomas95@example.fr,FR,FR-SUD,2025-08-03,2026-08-16,closed,0.00
CLI-10096,Louis,David,louis.david96@example.com,LU,LU-LUX,2021-08-15,2026-08-22,active,5919.60
CLI-10097,Ines,Garcia,ines.garcia97@mailbox.eu,FR,FR-OUEST,2025-09-10,2026-03-08,active,6667.30
CLI-10098,Leo,Robert,leo.robert98@example.fr,BE,BE-BXL,2026-01-15,2026-08-14,active,4256.13
CLI-10099,Emma,Leroy,emma.leroy99@example.fr,LU,LU-LUX,2024-04-17,2026-09-06,active,2409.05
CLI-10100,Sarah,Andre,sarah.andre100@example.fr,FR,FR-SUD,2025-07-21,2026-08-20,closed,0.00
CLI-10101,Hugo,Roux,hugo.roux101@example.fr,BE,BE-BXL,2020-03-03,2026-08-18,active,7753.65
CLI-10102,Lea,Girard,lea.girard102@mailbox.eu,BE,BE-BXL,2020-11-24,2026-08-11,closed,0.00
CLI-10103,Alice,Bertrand,alice.bertrand103@mailbox.eu,LU,LU-LUX,2020-05-27,2026-08-17,active,7351.62
CLI-10104,Manon,Garcia,manon.garcia104@example.com,FR,FR-IDF,2021-02-15,2026-08-10,active,37.37
CLI-10105,Adam,Lefebvre,adam.lefebvre105@example.com,FR,FR-OUEST,2024-10-30,2026-08-20,active,5390.76
CLI-10106,Manon,Girard,manon.girard106@example.fr,BE,BE-BXL,2022-09-13,2026-08-31,active,3581.43
CLI-10107,Gabriel,Martin,gabriel.martin107@example.fr,BE,BE-BXL,2023-03-24,2026-08-24,active,7550.93
CLI-10108,Lina,Garcia,lina.garcia108@example.fr,FR,FR-OUEST,2025-02-14,2026-08-26,active,6797.35
CLI-10109,Anna,Lefebvre,anna.lefebvre109@mailbox.eu,LU,LU-LUX,2023-04-26,2026-08-12,closed,0.00
CLI-10110,Gabriel,Bernard,gabriel.bernard110@example.fr,LU,LU-LUX,2025-07-27,2026-08-14,active,6350.65
CLI-10111,Louis,Andre,louis.andre111@example.com,FR,FR-SUD,2022-10-23,2026-08-17,active,5383.01
CLI-10112,Lina,Andre,lina.andre112@example.fr,FR,FR-IDF,2023-06-19,2026-02-02,active,5805.35
CLI-10113,Lea,Garcia,lea.garcia113@example.com,FR,FR-SUD,2022-04-02,2026-08-27,active,4152.99
CLI-10114,Ines,Bertrand,ines.bertrand114@mailbox.eu,FR,FR-OUEST,2023-10-19,2026-09-05,active,954.21
CLI-10115,Raphael,Michel,raphael.michel115@mailbox.eu,LU,LU-LUX,2024-02-07,2026-08-30,active,4199.89
CLI-10116,Raphael,Moreau,raphael.moreau116@mailbox.eu,LU,LU-LUX,2024-04-09,2026-09-04,active,5333.66
CLI-10117,Ethan,Laurent,ethan.laurent117@example.fr,LU,LU-LUX,2022-06-25,2026-08-24,active,7256.98
CLI-10118,Hugo,Robert,hugo.robert118@example.fr,FR,FR-IDF,2020-06-01,2026-09-04,active,1725.36
CLI-10119,Julia,Lefebvre,julia.lefebvre119@example.fr,LU,LU-LUX,2024-09-12,2026-08-10,active,3202.05
CLI-10120,Noah,Garcia,noah.garcia120@example.com,FR,FR-OUEST,2020-05-14,2026-08-24,active,7594.55
CLI-10121,Gabriel,Lefebvre,gabriel.lefebvre121@example.com,LU,LU-LUX,2024-01-09,2026-09-04,active,7581.89
CLI-10122,Gabriel,Durand,gabriel.durand122@mailbox.eu,LU,LU-LUX,2020-03-28,2026-09-03,active,6253.22
CLI-10123,Emma,Fournier,emma.fournier123@example.com,FR,FR-SUD,2022-08-12,2026-08-10,active,4687.05
CLI-10124,Chloe,Vincent,chloe.vincent124@example.com,FR,FR-OUEST,2021-12-15,2026-09-03,active,-78.15
CLI-10125,Anna,Laurent,anna.laurent125@example.fr,FR,FR-IDF,2021-12-14,2026-08-25,active,4113.90
CLI-10126,Julia,Lefebvre,julia.lefebvre126@mailbox.eu,LU,LU-LUX,2021-03-22,2026-08-19,active,155.59
CLI-10127,Zoe,Simon,zoe.simon127@mailbox.eu,BE,BE-BXL,2020-05-07,2026-08-26,active,3295.44
CLI-10128,Julia,Dubois,julia.dubois128@mailbox.eu,FR,FR-IDF,2023-08-12,2026-08-30,active,4919.40
CLI-10129,Lea,Michel,lea.michel129@mailbox.eu,LU,LU-LUX,2025-12-13,2026-08-25,active,613.26
CLI-10130,Lina,Vincent,lina.vincent130@mailbox.eu,FR,FR-SUD,2024-10-27,2026-08-28,active,6584.84
CLI-10131,Hugo,Laurent,hugo.laurent131@example.com,BE,BE-BXL,2023-07-04,2026-09-03,active,5431.93
CLI-10132,Manon,Dubois,manon.dubois132@mailbox.eu,BE,BE-BXL,2021-01-30,2026-09-03,active,4362.24
CLI-10133,Ethan,Laurent,ethan.laurent133@example.com,FR,FR-IDF,2024-08-09,2026-08-14,active,3268.08
CLI-10134,Adam,Girard,adam.girard134@example.com,FR,FR-OUEST,2023-12-11,2026-09-03,active,5185.24
CLI-10135,Jules,Vincent,jules.vincent135@mailbox.eu,FR,FR-OUEST,2021-04-15,2026-08-13,active,3318.72
CLI-10136,Noah,Andre,noah.andre136@mailbox.eu,LU,LU-LUX,2020-04-17,2026-08-16,active,1993.07
CLI-10137,Jade,Simon,jade.simon137@mailbox.eu,FR,FR-OUEST,2023-12-08,2026-08-20,active,5190.23
CLI-10138,Lina,Martin,lina.martin138@example.fr,FR,FR-IDF,2025-12-12,2026-08-28,active,1090.76
CLI-10139,Jade,Fournier,jade.fournier139@example.fr,LU,LU-LUX,2020-12-13,2026-08-14,closed,0.00
CLI-10140,Julia,Garcia,julia.garcia140@example.fr,BE,BE-BXL,2024-12-15,2026-08-22,active,733.30
CLI-10141,Gabriel,Fournier,gabriel.fournier141@example,BE,BE-BXL,2025-11-28,2026-01-17,active,7872.45
CLI-10142,Emma,Robert,emma.robert142@mailbox.eu,FR,FR-OUEST,2023-03-31,2025-12-30,active,1240.70
CLI-10143,Louis,Roux,louis.roux143@example.com,LU,LU-LUX,2023-12-21,2026-09-06,active,3377.00
CLI-10144,Lea,Fournier,lea.fournier144example.fr,BE,BE-BXL,2026-06-06,2026-08-29,active,744.42
CLI-10145,Noah,David,noah.david145@example.fr,FR,FR-OUEST,2020-12-26,2026-08-25,active,4628.74
CLI-10146,Adam,Laurent,adam.laurent146@example.fr,FR,FR-SUD,2023-09-26,2026-08-18,active,735.02
CLI-10147,Jules,Andre,jules.andre147@mailbox.eu,FR,FR-SUD,2022-08-25,2026-09-02,active,4739.67
CLI-10148,Manon,Petit,manon.petit148@mailbox.eu,BE,BE-BXL,2025-03-15,2026-08-24,active,5385.29
CLI-10149,Lina,Girard,lina.girard149@mailbox.eu,FR,FR-OUEST,2023-07-18,2026-08-24,active,4977.36
CLI-10150,Lucas,Lefebvre,lucas.lefebvre150@mailbox.eu,LU,LU-LUX,2020-10-30,2026-09-06,active,2823.65
CLI-10151,Manon,Girard,manon.girard151mailbox.eu,LU,LU-LUX,2025-09-07,2026-08-13,active,5859.15
CLI-10152,Lea,Girard,lea.girard152@mailbox.eu,BE,BE-BXL,2025-08-15,2026-09-04,active,6449.93
CLI-10153,Manon,Roux,manon.roux153@example.fr,FR,FR-SUD,2020-06-09,2026-08-24,active,4097.36
CLI-10154,Jules,Simon,jules.simon154@example.com,BE,BE-BXL,2024-08-01,2026-09-06,active,6271.66
CLI-10155,Lea,Thomas,lea.thomas155@example.com,LU,LU-LUX,2024-05-02,2026-08-17,active,7708.16
CLI-10156,Lea,Dubois,lea.dubois156@mailbox.eu,LU,LU-LUX,2021-08-02,2026-08-18,closed,0.00
CLI-10157,Alice,Dubois,alice.dubois157@mailbox.eu,FR,FR-OUEST,2026-04-08,2026-08-12,active,847.91
CLI-10158,Gabriel,Roux,gabriel.roux158@example.fr,FR,FR-IDF,2024-09-30,2026-03-02,active,1278.16
CLI-10159,Emma,Leroy,emma.leroy159@mailbox.eu,FR,FR-SUD,2021-09-26,2026-09-04,active,3963.06
CLI-10160,Zoe,Bernard,zoe.bernard160@example.com,FR,FR-OUEST,2021-06-20,2026-09-02,active,6617.03
CLI-10161,Raphael,David,raphael.david161@example.fr,FR,FR-IDF,2024-08-09,2026-08-24,active,4806.88
CLI-10162,Louis,Vincent,louis.vincent162@mailbox.eu,FR,FR-SUD,2023-06-21,2026-08-10,closed,0.00
CLI-10163,Julia,David,julia.david163@example.com,FR,FR-OUEST,2024-04-13,2026-09-02,active,6498.51
CLI-10164,Ines,Bernard,ines.bernard164@example.com,BE,BE-BXL,2024-02-29,2026-08-11,active,4030.46
CLI-10165,Jade,Petit,jade.petit165@example.fr,FR,FR-OUEST,2025-01-14,2026-08-25,closed,0.00
CLI-10166,Jules,Martin,jules.martin166@example.com,BE,BE-BXL,2020-08-06,2026-08-26,active,7955.11
CLI-10167,Lea,Thomas,lea.thomas167@mailbox.eu,FR,FR-OUEST,2021-08-21,2026-08-12,active,3674.13
CLI-10168,Leo,David,leo.david168@mailbox.eu,LU,LU-LUX,2020-01-22,2026-04-19,closed,0.00
CLI-10169,Noah,Roux,noah.roux169@mailbox.eu,BE,BE-BXL,2021-03-31,2026-09-04,active,191.55
CLI-10170,Julia,Dubois,julia.dubois170@example.fr,FR,FR-IDF,2025-08-09,2025-11-17,active,4515.39
CLI-10171,Tom,Martin,tom.martin171@example.fr,LU,LU-LUX,2023-12-16,2026-08-17,active,5279.36
CLI-10172,Manon,Roux,manon.roux172@mailbox.eu,LU,LU-LUX,2025-09-09,2026-09-07,active,3001.72
CLI-10173,Sarah,Lefebvre,sarah.lefebvre173@mailbox.eu,FR,FR-OUEST,2020-03-07,2026-08-31,active,5810.12
CLI-10174,Raphael,Laurent,raphael.laurent174@example.fr,FR,FR-SUD,2020-06-30,2026-08-18,active,1235.73
CLI-10175,Alice,Bertrand,alice.bertrand175@example.com,FR,FR-SUD,2021-07-06,2026-08-24,active,103.27
CLI-10176,Lucas,Laurent,lucas.laurent176@example.com,FR,FR-OUEST,2025-10-12,2026-08-23,active,1877.17
CLI-10177,Adam,Lefebvre,adam.lefebvre177@example.fr,FR,FR-IDF,2023-09-21,2026-08-25,active,7093.79
CLI-10178,Lea,Petit,lea.petit178@example.com,BE,BE-BXL,2025-07-30,2026-08-30,active,6369.41
CLI-10179,Tom,Girard,tom.girard179@mailbox.eu,FR,FR-SUD,2026-02-12,2026-08-28,active,5219.54
CLI-10180,Alice,Garcia,alice.garcia180@mailbox.eu,FR,FR-SUD,2024-12-23,2026-02-08,active,4841.78
CLI-10181,Lucas,Dubois,lucas.dubois181@mailbox.eu,BE,BE-BXL,2024-01-28,2026-09-02,active,7612.87
CLI-10182,Gabriel,David,gabriel.david182@example.com,FR,FR-IDF,2021-06-01,2026-08-27,active,2769.63
CLI-10183,Noah,Robert,noah.robert183@example.fr,BE,BE-BXL,2024-02-28,2026-08-20,active,929.10
CLI-10184,Lina,Moreau,lina.moreau184@example.fr,FR,FR-SUD,2021-04-09,2026-08-22,active,2973.30
CLI-10185,Jade,Moreau,jade.moreau185@example.com,BE,BE-BXL,2022-05-28,2026-08-09,closed,0.00
CLI-10186,Manon,David,manon.david186@mailbox.eu,FR,FR-SUD,2024-12-28,2026-08-11,closed,0.00
CLI-10187,Manon,Vincent,manon.vincent187@example.com,LU,LU-LUX,2023-04-04,2026-08-16,closed,0.00
CLI-10188,Jules,Roux,jules.roux188@mailbox,FR,FR-SUD,2021-05-12,2026-08-31,closed,0.00
CLI-10189,Julia,Vincent,julia.vincent189@example.fr,FR,FR-SUD,2020-12-19,2026-08-16,active,5694.73
CLI-10190,Anna,Dubois,anna.dubois190@mailbox.eu,FR,FR-SUD,2023-07-22,2026-08-17,active,4042.35
CLI-10191,Lina,Fournier,lina.fournier191@example.fr,FR,FR-SUD,2021-06-12,2026-09-06,active,6617.40
CLI-10192,Nathan,Petit,nathan.petit192@example.com,FR,FR-OUEST,2022-07-12,2026-08-10,active,2129.20
CLI-10193,Lina,Vincent,lina.vincent193@mailbox.eu,FR,FR-OUEST,2021-05-27,2026-09-05,active,3921.10
CLI-10194,Chloe,Petit,chloe.petit194@mailbox.eu,LU,LU-LUX,2023-10-14,2026-08-12,active,6883.01
CLI-10195,Jade,Fournier,jade.fournier195@mailbox.eu,FR,FR-OUEST,2022-05-13,2026-08-18,active,48.34
CLI-10196,Adam,Andre,adam.andre196@example.com,FR,FR-OUEST,2025-06-01,2026-08-26,active,2238.96
CLI-10197,Nathan,David,nathan.david197@mailbox.eu,BE,BE-BXL,2025-06-06,2026-09-03,active,2363.18
CLI-10198,Jules,Michel,jules.michel198@example.com,FR,FR-SUD,2024-02-26,2026-08-31,active,3625.08
CLI-10199,Chloe,Thomas,chloe.thomas199@example.com,FR,FR-IDF,2023-04-03,2026-08-25,closed,0.00
CLI-10200,Lea,Fournier,lea.fournier200@example.fr,FR,FR-OUEST,2022-02-16,2026-08-22,active,3627.88
CLI-10201,Camille,Dubois,camille.dubois201 @example.fr,BE,BE-BXL,2025-09-01,2026-08-20,active,2693.74
CLI-10202,Adam,Vincent,adam.vincent202@example.com,FR,FR-IDF,2021-03-16,2026-08-15,active,2799.38
CLI-10203,Sarah,Bernard,sarah.bernard203@mailbox.eu,LU,LU-LUX,2026-04-20,2026-09-05,active,2968.06
CLI-10204,Ines,Girard,ines.girard204@example.fr,LU,LU-LUX,2021-05-01,2026-08-27,active,6318.16
CLI-10205,Jade,Robert,jade.robert205@example.fr,FR,FR-SUD,2025-09-16,2026-07-19,active,923.70
CLI-10206,Zoe,David,zoe.david206@mailbox.eu,FR,FR-SUD,2025-10-12,2026-08-28,active,1132.52
CLI-10207,Adam,Fournier,adam.fournier207@example.com,FR,FR-OUEST,2025-09-08,2026-08-16,active,4415.98
CLI-10208,Jules,Laurent,jules.laurent208@mailbox.eu,FR,FR-IDF,2024-09-02,2026-08-15,active,6951.21
CLI-10209,Leo,Moreau,leo.moreau209@mailbox.eu,LU,LU-LUX,2026-06-23,2026-06-23,active,1198.20
CLI-10210,Jade,Michel,jade.michel210@example.fr,FR,FR-SUD,2022-09-19,2026-09-04,active,1364.43
CLI-10211,Chloe,Garcia,chloe.garcia211@example.com,FR,FR-SUD,2024-08-07,2026-08-23,active,6957.11
CLI-10212,Alice,Robert,alice.robert212@example.com,LU,LU-LUX,2022-04-29,2026-08-23,active,4108.91
CLI-10213,Julia,Vincent,julia.vincent213@example.fr,FR,FR-OUEST,2026-02-15,2026-08-15,active,5382.12
CLI-10214,Noah,Bertrand,noah.bertrand214@mailbox.eu,FR,FR-SUD,2022-10-06,2026-08-29,active,6123.63
CLI-10215,Alice,Bertrand,alice.bertrand215@mailbox.eu,FR,FR-OUEST,2025-05-19,2026-08-13,active,5717.65
CLI-10216,Gabriel,Vincent,gabriel.vincent216@,BE,BE-BXL,2024-06-04,2026-08-13,active,1001.10
CLI-10217,Jules,David,jules.david217@example.com,FR,FR-OUEST,2025-05-16,2026-08-30,active,7450.80
CLI-10218,Hugo,Girard,hugo.girard218@example.com,LU,LU-LUX,2022-09-07,2026-08-22,active,1650.51
CLI-10219,Tom,Laurent,tom.laurent219@mailbox.eu,BE,BE-BXL,2021-02-15,2026-08-21,active,7818.87
CLI-10220,Leo,Bertrand,leo.bertrand220@example.com,FR,FR-SUD,2023-03-22,2026-08-09,active,6103.54
CLI-10221,Ethan,Bernard,ethan.bernard221@example.com,FR,FR-SUD,2024-09-07,2026-08-09,closed,418.92
CLI-10222,Raphael,Simon,raphael.simon222@mailbox.eu,FR,FR-IDF,2020-02-07,2026-08-09,active,7860.55
CLI-10223,Ethan,Roux,ethan.roux223@mailbox.eu,BE,BE-BXL,2021-07-03,2026-09-01,closed,0.00
CLI-10224,Julia,Andre,julia.andre224@example.com,FR,FR-OUEST,2022-02-01,2026-08-29,active,4455.81
CLI-10225,Noah,Andre,noah.andre225@example.fr,BE,BE-BXL,2024-10-17,2026-08-17,active,582.16
CLI-10226,Lea,Leroy,lea.leroy226@mailbox.eu,FR,FR-IDF,2022-12-04,2026-08-30,active,7623.09
CLI-10227,Anna,Martin,anna.martin227@mailbox.eu,FR,FR-OUEST,2024-01-12,2026-09-04,active,3616.24
CLI-10228,Zoe,Simon,zoe.simon228@mailbox.eu,FR,FR-IDF,2023-04-23,2026-09-03,active,3721.09
CLI-10229,Jules,Garcia,jules.garcia229@mailbox.eu,LU,LU-LUX,2025-04-12,2026-08-12,active,1590.98
CLI-10230,Manon,Roux,manon.roux230@mailbox.eu,BE,BE-BXL,2025-12-03,2026-08-20,active,720.11
CLI-10231,Emma,Fournier,emma.fournier231@mailbox.eu,LU,LU-LUX,2021-09-05,2026-08-24,active,753.17
CLI-10232,Leo,Dubois,leo.dubois232@mailbox.eu,LU,LU-LUX,2024-12-29,2026-08-22,active,3206.48
CLI-10233,Julia,Simon,julia.simon233@,FR,FR-IDF,2024-06-09,2026-04-18,active,4542.15
CLI-10234,Ethan,Bernard,ethan.bernard234@mailbox.eu,FR,FR-IDF,2025-04-17,2026-08-14,active,910.52
CLI-10235,Lina,Garcia,lina.garcia235@mailbox.eu,FR,FR-OUEST,2024-04-15,2026-08-26,active,2880.29
CLI-10236,Ethan,Robert,ethan.robert236@example.com,FR,FR-OUEST,2021-04-30,2026-08-22,active,844.25
CLI-10237,Jade,Martin,jade.martin237@example.fr,FR,FR-OUEST,2025-03-11,2026-08-21,active,2910.07
CLI-10238,Jules,Robert,jules.robert238@example.com,FR,FR-OUEST,2022-02-11,2026-09-04,closed,331.80
CLI-10239,Louis,Durand,louis.durand239@,FR,FR-IDF,2021-02-17,2026-08-17,active,5566.95
CLI-10240,Sarah,David,sarah.david240@example.com,FR,FR-SUD,2026-01-19,2026-09-06,active,949.11
CLI-10241,Raphael,Fournier,raphael.fournier241@mailbox.eu,FR,FR-OUEST,2026-06-23,2026-08-28,active,1742.61
CLI-10242,Zoe,Leroy,zoe.leroy242@mailbox.eu,BE,BE-BXL,2023-05-15,2026-08-20,active,7013.65
CLI-10243,Gabriel,Garcia,gabriel.garcia243@example.fr,LU,LU-LUX,2025-07-23,2026-08-18,active,5305.01
CLI-10244,Alice,Garcia,alice.garcia244@example.fr,BE,BE-BXL,2021-09-03,2026-08-21,active,3682.85
CLI-10245,Alice,Robert,alice.robert245@example.fr,BE,BE-BXL,2020-08-24,2026-08-21,active,4145.93
CLI-10246,Emma,Laurent,emma.laurent246@,FR,FR-IDF,2025-01-16,2026-08-15,active,6601.13
CLI-10247,Manon,Durand,manon.durand247@example.com,LU,LU-LUX,2026-04-08,2026-08-09,active,2530.31
CLI-10248,Emma,Durand,emma.durand248@mailbox.eu,FR,FR-IDF,2025-05-15,2026-08-16,closed,0.00
CLI-10249,Lea,Simon,lea.simon249@example.fr,BE,BE-BXL,2025-03-24,2026-08-30,active,2749.09
CLI-10250,Hugo,Bertrand,hugo.bertrand250@example.com,FR,FR-OUEST,2022-04-12,2026-08-20,active,6885.50
CLI-10251,Ines,Vincent,ines.vincent251@example.com,LU,LU-LUX,2026-06-30,2026-09-01,active,2504.90
CLI-10252,Leo,Vincent,leo.vincent252@example.com,FR,FR-OUEST,2022-11-20,2026-08-15,active,5061.89
CLI-10253,Raphael,Lefebvre,raphael.lefebvre253@example.com,FR,FR-SUD,2021-07-27,2026-08-09,active,7092.79
CLI-10254,Zoe,Bernard,zoe.bernard254@example.com,FR,FR-IDF,2020-07-17,2026-08-12,active,4971.75
CLI-10255,Camille,Durand,camille.durand255@mailbox.eu,LU,LU-LUX,2025-02-10,2026-08-17,active,7458.01
CLI-10256,Leo,Martin,leo.martin256@example.fr,FR,FR-IDF,2025-12-19,2025-12-19,active,5721.98
CLI-10257,Camille,Roux,camille.roux257@example.fr,BE,BE-BXL,2022-01-04,2026-09-03,active,1775.94
CLI-10258,Jules,Moreau,jules.moreau258@example.fr,BE,BE-BXL,2020-11-19,2026-08-20,active,1794.30
CLI-10259,Gabriel,Dubois,,FR,FR-IDF,2021-01-17,2026-08-23,active,260.14
CLI-10260,Nathan,Dubois,nathan.dubois260@example.com,BE,BE-BXL,2024-11-12,2026-08-11,active,7785.49
CLI-10261,Louis,Durand,louis.durand261@mailbox.eu,LU,LU-LUX,2025-05-01,2026-08-17,active,7389.80
CLI-10262,Gabriel,Bernard,gabriel.bernard262@example.fr,FR,FR-SUD,2023-07-12,2026-09-03,active,5968.49
CLI-10263,Manon,Simon,manon.simon263@example.fr,FR,FR-SUD,2026-04-28,2026-08-26,active,5351.69
CLI-10264,Jade,Robert,jade.robert264@example.fr,FR,FR-IDF,2025-08-13,2026-09-04,active,3384.12
CLI-10265,Noah,Girard,noah.girard265@example.fr,LU,LU-LUX,2024-06-12,2026-08-18,closed,0.00
CLI-10266,Louis,Lefebvre,louis.lefebvre266@example.fr,LU,LU-LUX,2024-03-17,2026-08-17,active,2916.60
CLI-10267,Louis,Dubois,louis.dubois267@example.fr,FR,FR-IDF,2023-01-02,2026-08-18,active,1065.07
CLI-10268,Hugo,Dubois,hugo.dubois268@example.fr,FR,FR-IDF,2023-06-16,2026-09-04,active,886.56
CLI-10269,Ethan,Vincent,ethan.vincent269@example.fr,LU,LU-LUX,2024-07-29,2026-08-21,active,563.13
CLI-10270,Sarah,Martin,sarah.martin270@example.com,FR,FR-OUEST,2024-08-21,2026-08-10,active,4388.20
CLI-10271,Anna,Roux,anna.roux271@example.fr,FR,FR-SUD,2024-04-08,2026-08-30,active,3843.62
CLI-10272,Ines,Garcia,ines.garcia272@mailbox.eu,FR,FR-OUEST,2025-06-06,2026-08-31,active,5711.38
CLI-10273,Emma,David,emma.david273@example.fr,FR,FR-IDF,2021-07-08,2026-08-28,active,6701.23
CLI-10274,Julia,Laurent,julia.laurent274@example.fr,BE,BE-BXL,2021-07-11,2026-08-16,active,1446.98
CLI-10275,Lea,Simon,lea.simon275@example.com,BE,BE-BXL,2026-06-16,2026-08-30,active,6495.26
CLI-10276,Anna,Durand,anna.durand276@mailbox.eu,LU,LU-LUX,2026-02-12,2026-09-07,active,7614.64
CLI-10277,Emma,David,emma.david277@example.fr,FR,FR-OUEST,2020-10-10,2026-08-25,active,5318.42
CLI-10278,Louis,Moreau,louis.moreau278@mailbox.eu,FR,FR-SUD,2024-09-29,2026-08-19,active,3729.72
CLI-10279,Alice,Garcia,alice.garcia279@example.com,LU,LU-LUX,2020-05-30,2026-08-10,active,6460.84
CLI-10280,Hugo,Leroy,hugo.leroy280@example.fr,FR,FR-OUEST,2021-11-12,2025-09-11,active,5355.27
CLI-10281,Tom,Thomas,tom.thomas281@example.com,FR,FR-IDF,2021-02-07,2026-08-22,active,4375.55
CLI-10282,Julia,Lefebvre,julia.lefebvre282@example.fr,BE,BE-BXL,2025-03-11,2026-08-22,active,1036.11
CLI-10283,Hugo,Simon,hugo.simon283@example.com,BE,BE-BXL,2020-12-17,2026-09-03,active,2656.29
CLI-10284,Zoe,Bertrand,zoe.bertrand284@mailbox.eu,FR,FR-OUEST,2025-05-04,2026-08-24,active,2415.06
CLI-10285,Hugo,Martin,hugo.martin285@example.com,FR,FR-OUEST,2021-03-23,2026-08-15,active,1800.09
CLI-10286,Lea,Vincent,lea.vincent286@example.fr,BE,BE-BXL,2025-03-07,2026-09-02,active,1328.37
CLI-10287,Camille,Girard,camille.girard287@mailbox.eu,FR,FR-SUD,2025-01-15,2026-08-16,active,1561.33
CLI-10288,Manon,Fournier,manon.fournier288@example.fr,FR,FR-IDF,2026-01-08,2026-08-24,active,734.43
CLI-10289,Zoe,Andre,zoe.andre289@example.com,FR,FR-OUEST,2024-05-10,2026-08-27,active,2686.28
CLI-10290,Gabriel,Simon,gabriel.simon290@mailbox.eu,LU,LU-LUX,2020-12-13,2026-08-31,active,2304.12
CLI-10291,Chloe,Roux,chloe.roux291@mailbox.eu,BE,BE-BXL,2024-09-09,2026-08-25,active,1323.18
CLI-10292,Lina,Petit,lina.petit292@example.fr,LU,LU-LUX,2021-11-14,2026-08-28,active,6704.28
CLI-10293,Camille,Bertrand,camille.bertrand293@example.fr,FR,FR-SUD,2022-03-10,2026-08-22,active,5155.17
CLI-10294,Tom,David,tom.david294@mailbox.eu,BE,BE-BXL,2021-11-16,2026-04-17,active,2195.14
CLI-10295,Adam,Petit,adam.petit295@example.fr,BE,BE-BXL,2026-05-05,2026-08-21,active,3988.61
CLI-10296,Jade,Vincent,jade.vincent296@example.fr,FR,FR-OUEST,2026-01-29,2026-01-29,active,3419.21
CLI-10297,Hugo,Andre,hugo.andre297@example.fr,FR,FR-SUD,2023-05-04,2026-03-26,closed,0.00
CLI-10298,Hugo,Leroy,hugo.leroy298@example.com,FR,FR-SUD,2023-12-07,2026-08-25,closed,0.00
CLI-10299,Emma,Bernard,emma.bernard299@example.fr,LU,LU-LUX,2023-12-07,2026-09-02,active,2453.96
CLI-10300,Anna,Moreau,anna.moreau300@mailbox.eu,LU,LU-LUX,2021-01-25,2026-08-25,active,7333.90
CLI-10301,Chloe,Robert,chloe.robert301@example.com,FR,FR-SUD,2021-08-22,2026-08-14,active,6717.16
CLI-10302,Anna,Andre,anna.andre302@mailbox.eu,FR,FR-OUEST,2024-08-23,2026-08-13,active,7017.03
CLI-10303,Raphael,Moreau,raphael.moreau303@example.com,FR,FR-OUEST,2025-02-05,2026-09-07,closed,0.00
CLI-10304,Raphael,David,raphael.david304@example.fr,FR,FR-OUEST,2020-09-16,2026-08-25,active,6563.75
CLI-10305,Adam,Laurent,adam.laurent305@example.com,LU,LU-LUX,2026-06-25,2026-08-13,active,2618.66
CLI-10306,Lucas,Thomas,lucas.thomas306@example.fr,BE,BE-BXL,2020-03-07,2026-08-24,active,3543.45
CLI-10307,Emma,Robert,emma.robert307@example.fr,FR,FR-OUEST,2021-10-13,2026-09-05,closed,0.00
CLI-10308,Gabriel,Andre,gabriel.andre308@example.com,FR,FR-SUD,2020-07-31,2026-08-16,active,5992.90
CLI-10309,Alice,Thomas,alice.thomas309@example.com,FR,FR-IDF,2022-05-24,2026-08-31,active,4059.44
CLI-10310,Alice,Laurent,alice.laurent310@example.com,FR,FR-IDF,2024-09-25,2026-08-31,active,2941.17
CLI-10311,Hugo,Laurent,hugo.laurent311@mailbox.eu,FR,FR-OUEST,2023-05-10,2026-08-14,active,6970.88
CLI-10312,Chloe,Dubois,chloe.dubois312@mailbox.eu,LU,LU-LUX,2026-04-26,2026-08-24,active,2679.74
CLI-10313,Chloe,Garcia,chloe.garcia313@mailbox.eu,LU,LU-LUX,2024-12-17,2026-09-04,closed,0.00
CLI-10314,Sarah,Lefebvre,sarah.lefebvre314@mailbox.eu,BE,BE-BXL,2023-07-12,2026-08-18,active,490.84
CLI-10315,Raphael,Girard,raphael.girard315@example.com,FR,FR-OUEST,2020-04-19,2026-08-29,active,1484.65
CLI-10316,Raphael,Michel,raphael.michel316@example.fr,FR,FR-OUEST,2020-08-11,2026-08-31,active,3858.08
CLI-10317,Lina,Girard,lina.girard317@mailbox.eu,FR,FR-IDF,2025-12-03,2026-02-04,closed,0.00
CLI-10318,Tom,Lefebvre,tom.lefebvre318@example.com,LU,LU-LUX,2021-12-08,2026-08-14,active,398.53
CLI-10319,Ines,Durand,ines.durand319@example.fr,FR,FR-IDF,2020-09-04,2026-08-29,closed,0.00
CLI-10320,Tom,Michel,tom.michel320@example.com,FR,FR-IDF,2026-01-06,2026-09-05,active,2341.24
CLI-10321,Chloe,Vincent,chloe.vincent321@mailbox.eu,FR,FR-OUEST,2024-05-19,2026-08-18,active,5384.66
CLI-10322,Tom,Leroy,tom.leroy322mailbox.eu,FR,FR-IDF,2022-09-28,2026-08-24,active,4820.83
CLI-10323,Hugo,Martin,hugo.martin323@example.fr,FR,FR-SUD,2020-02-16,2026-08-22,active,4041.23
CLI-10324,Nathan,Lefebvre,nathan.lefebvre324@example.fr,FR,FR-SUD,2023-01-05,2026-08-10,active,40.72
CLI-10325,Zoe,Dubois,zoe.dubois325@mailbox.eu,FR,FR-OUEST,2026-06-19,2026-08-22,active,2753.02
CLI-10326,Nathan,Lefebvre,nathan.lefebvre326@mailbox.eu,FR,FR-SUD,2022-11-10,2026-08-17,active,5726.78
CLI-10327,Camille,Bernard,camille.bernard327@example.com,FR,FR-IDF,2022-09-28,2026-08-09,active,1030.69
CLI-10328,Ethan,Andre,ethan.andre328@mailbox.eu,BE,BE-BXL,2022-07-08,2026-08-15,active,2423.47
CLI-10329,Jules,Thomas,jules.thomas329@example.fr,LU,LU-LUX,2020-08-03,2026-09-06,active,7623.45
CLI-10330,Adam,Simon,adam.simon330@mailbox.eu,FR,FR-OUEST,2020-12-19,2026-04-27,active,2191.08
CLI-10331,Noah,Leroy,noah.leroy331@mailbox.eu,BE,BE-BXL,2024-02-17,2026-08-14,active,6162.26
CLI-10332,Jade,Leroy,jade.leroy332@example.com,FR,FR-SUD,2020-01-27,2025-11-03,closed,0.00
CLI-10333,Lea,Martin,lea.martin333@example.com,BE,BE-BXL,2023-06-13,2026-08-31,active,3242.49
CLI-10334,Alice,Moreau,alice.moreau334@example.fr,FR,FR-IDF,2020-06-28,2026-08-22,closed,0.00
CLI-10335,Raphael,Dubois,raphael.dubois335@example.fr,LU,LU-LUX,2021-01-26,2026-08-26,active,413.61
CLI-10336,Gabriel,Robert,gabriel.robert336@example.fr,FR,FR-SUD,2023-04-09,2026-08-13,active,3022.21
CLI-10337,Lea,David,lea.david337@example.com,FR,FR-OUEST,2022-08-14,2026-08-14,active,6115.20
CLI-10338,Nathan,David,nathan.david338@example.fr,BE,BE-BXL,2023-07-10,2026-08-14,active,1502.62
CLI-10339,Hugo,Dubois,hugo.dubois339@example.com,FR,FR-SUD,2023-05-31,2026-09-06,active,1563.17
CLI-10340,Manon,Leroy,manon.leroy340@example.fr,FR,FR-OUEST,2024-06-11,2026-08-30,active,6524.73
CLI-10341,Julia,Vincent,,LU,LU-LUX,2022-10-20,2026-08-13,active,946.30
CLI-10342,Jade,Leroy,jade.leroy342@mailbox.eu,FR,FR-SUD,2022-03-22,2026-08-18,active,7488.11
CLI-10343,Ines,Dubois,ines.dubois343@example.fr,FR,FR-IDF,2020-09-21,2026-08-13,active,856.09
CLI-10344,Hugo,Bernard,hugo.bernard344@example.fr,BE,BE-BXL,2020-07-26,2026-08-12,active,5740.33
CLI-10345,Gabriel,Garcia,gabriel.garcia345@mailbox.eu,FR,FR-SUD,2023-12-20,2026-08-30,active,3457.29
CLI-10346,Noah,Girard,noah.girard346@example.com,FR,FR-SUD,2023-04-23,2026-08-23,active,300.03
CLI-10347,Tom,Durand,tom.durand347@mailbox.eu,LU,LU-LUX,2022-10-17,2026-08-13,active,-39.85
CLI-10348,Jules,Bertrand,jules.bertrand348@example.fr,LU,LU-LUX,2025-06-08,2026-08-28,active,2984.73
CLI-10349,Noah,Leroy,noah.leroy349@example.com,FR,FR-IDF,2023-02-24,2026-08-22,active,2730.95
CLI-10350,Nathan,Thomas,nathan.thomas350@example.com,FR,FR-SUD,2022-09-14,2026-08-09,active,5843.89
CLI-10351,Anna,Michel,anna.michel351@mailbox.eu,FR,FR-OUEST,2021-12-12,2026-08-13,active,5852.46
CLI-10352,Camille,Lefebvre,camille.lefebvre352@example.fr,LU,LU-LUX,2026-04-27,2026-08-12,active,7901.65
CLI-10353,Ethan,Simon,ethan.simon353@example.com,FR,FR-SUD,2025-07-01,2025-10-03,active,1594.23
CLI-10354,Lea,Girard,lea.girard354@example.com,FR,FR-SUD,2021-06-18,2026-08-13,active,6723.13
CLI-10355,Chloe,Fournier,chloe.fournier355@example.fr,FR,FR-SUD,2021-03-30,2026-09-05,active,2863.44
CLI-10356,Anna,Thomas,anna.thomas356@example.fr,FR,FR-OUEST,2023-05-21,2026-08-15,active,7579.29
CLI-10357,Lina,Laurent,lina.laurent357@example.com,FR,FR-SUD,2026-04-20,2026-08-13,active,2725.97
CLI-10358,Sarah,Simon,sarah.simon358@mailbox.eu,FR,FR-OUEST,2021-06-05,2025-08-13,active,7579.32
CLI-10359,Lucas,Petit,lucas.petit359@example.fr,LU,LU-LUX,2023-07-27,2026-08-31,closed,0.00
CLI-10360,Chloe,Laurent,chloe.laurent360@mailbox.eu,FR,FR-IDF,2022-09-01,2026-08-18,active,7059.63
CLI-10361,Gabriel,Andre,gabriel.andre361@example.com,FR,FR-OUEST,2025-01-03,2026-08-16,active,355.92
CLI-10362,Raphael,Martin,raphael.martin362@example.fr,FR,FR-IDF,2024-04-29,2026-09-02,active,7053.33
CLI-10363,Jules,Vincent,jules.vincent363@example.com,BE,BE-BXL,2021-02-19,2026-08-20,active,5137.95
CLI-10364,Julia,Dubois,julia.dubois364@example.fr,FR,FR-IDF,2023-04-22,2026-09-04,active,408.44
CLI-10365,Nathan,Dubois,nathan.dubois365mailbox.eu,LU,LU-LUX,2021-01-16,2026-08-10,active,3758.44
CLI-10366,Noah,Garcia,noah.garcia366@mailbox.eu,FR,FR-SUD,2020-08-07,2026-09-01,active,3156.09
CLI-10367,Ethan,Moreau,ethan.moreau367@example.com,FR,FR-OUEST,2023-05-03,2025-10-19,active,4307.23
CLI-10368,Jules,Martin,jules.martin368@example.com,BE,BE-BXL,2020-12-24,2026-08-19,active,3738.69
CLI-10369,Nathan,Andre,nathan.andre369@mailbox.eu,FR,FR-OUEST,2020-12-01,2026-08-13,active,3059.23
CLI-10370,Ines,Dubois,ines.dubois370 @example.fr,LU,LU-LUX,2024-05-06,2026-08-27,active,1329.98
CLI-10371,Ines,Leroy,ines.leroy371@mailbox.eu,FR,FR-OUEST,2026-04-30,2026-08-17,active,592.96
CLI-10372,Tom,Fournier,tom.fournier372@example.fr,FR,FR-SUD,2026-03-17,2026-08-22,active,3232.78
CLI-10373,Anna,Leroy,anna.leroy373@mailbox.eu,BE,BE-BXL,2023-05-09,2026-08-16,active,84.77
CLI-10374,Anna,Girard,anna.girard374@example.com,FR,FR-SUD,2021-05-07,2026-09-02,closed,0.00
CLI-10375,Lucas,Garcia,lucas.garcia375@mailbox.eu,FR,FR-IDF,2024-11-18,2026-09-03,active,6639.69
CLI-10376,Manon,Dubois,manon.dubois376@example.com,BE,BE-BXL,2026-03-28,2026-08-30,active,4061.44
CLI-10377,Alice,Girard,alice.girard377@example.com,LU,LU-LUX,2025-11-10,2026-09-03,active,1015.24
CLI-10378,Hugo,Fournier,hugo.fournier378@example.fr,FR,FR-IDF,2023-03-17,2026-08-10,closed,0.00
CLI-10379,Anna,Girard,anna.girard379@example.com,BE,BE-BXL,2020-06-02,2026-08-19,active,4790.97
CLI-10380,Sarah,Laurent,sarah.laurent380@example.fr,FR,FR-SUD,2020-07-20,2026-08-10,active,2854.01
CLI-10381,Adam,Moreau,adam.moreau381@example.fr,BE,BE-BXL,2021-02-06,2026-08-29,closed,0.00
CLI-10382,Ines,Garcia,ines.garcia382@mailbox.eu,LU,LU-LUX,2020-12-31,2026-08-12,active,3138.80
CLI-10383,Jules,Bernard,jules.bernard383@mailbox.eu,LU,LU-LUX,2021-10-13,2026-08-26,active,912.33
CLI-10384,Camille,Petit,camille.petit384@example.com,FR,FR-SUD,2022-04-02,2026-08-24,active,214.59
CLI-10385,Ines,Lefebvre,ines.lefebvre385@mailbox.eu,BE,BE-BXL,2025-08-30,2026-08-17,active,50.62
CLI-10386,Julia,Petit,julia.petit386@example.com,BE,BE-BXL,2026-03-08,2026-08-10,active,1921.01
CLI-10387,Adam,Martin,adam.martin387@mailbox.eu,BE,BE-BXL,2020-07-22,2026-09-01,active,6828.31
CLI-10388,Emma,Moreau,emma.moreau388@example.com,BE,BE-BXL,2025-10-03,2026-08-14,active,5394.04
CLI-10389,Lina,Petit,lina.petit389@example.fr,LU,LU-LUX,2020-02-04,2026-08-29,active,5644.47
CLI-10390,Tom,Michel,tom.michel390@mailbox.eu,FR,FR-OUEST,2025-02-23,2026-08-17,active,4069.23
CLI-10391,Hugo,Martin,hugo.martin391@example.com,LU,LU-LUX,2024-03-12,2026-08-29,active,2247.50
CLI-10392,Lea,Moreau,lea.moreau392@mailbox.eu,FR,FR-OUEST,2023-02-08,2026-08-10,active,5142.03
CLI-10393,Jade,Leroy,jade.leroy393@example.fr,FR,FR-IDF,2024-07-13,2026-08-15,active,8.73
CLI-10394,Ines,Garcia,ines.garcia394@mailbox.eu,BE,BE-BXL,2024-05-09,2026-08-20,active,6491.32
CLI-10395,Louis,Vincent,louis.vincent395@example.fr,BE,BE-BXL,2024-01-08,2026-08-12,active,5192.44
CLI-10396,Hugo,Bertrand,hugo.bertrand396@example.fr,FR,FR-SUD,2022-11-25,2026-08-09,active,1301.16
CLI-10397,Lina,Dubois,lina.dubois397@example.fr,FR,FR-SUD,2023-12-26,2026-08-25,active,6262.34
CLI-10398,Anna,Simon,anna.simon398@example.fr,BE,BE-BXL,2021-04-27,2026-08-20,active,4558.57
CLI-10399,Emma,Roux,emma.roux399@example.com,FR,FR-IDF,2024-04-12,2026-08-11,active,6804.77
CLI-10400,Lea,Garcia,lea.garcia400@mailbox.eu,LU,LU-LUX,2025-02-17,2026-09-02,active,6187.32
CLI-10401,Nathan,Laurent,nathan.laurent401@example.fr,FR,FR-IDF,2020-01-20,2026-08-14,active,1182.57
CLI-10402,Jade,Dubois,jade.dubois402@example,FR,FR-SUD,2024-11-11,2026-08-23,active,2943.19
CLI-10403,Camille,Laurent,camille.laurent403@example.fr,LU,LU-LUX,2022-02-19,2026-04-02,active,1655.38
CLI-10404,Chloe,Thomas,chloe.thomas404@example.fr,BE,BE-BXL,2025-08-23,2026-08-12,active,174.89
CLI-10405,Raphael,Roux,raphael.roux405@example.fr,LU,LU-LUX,2025-11-16,2026-09-03,active,2610.41
CLI-10406,Jade,Durand,jade.durand406mailbox.eu,FR,FR-SUD,2024-07-10,2026-09-03,active,1531.76
CLI-10407,Hugo,Lefebvre,hugo.lefebvre407@example.com,FR,FR-IDF,2024-03-16,2026-08-21,closed,0.00
CLI-10408,Gabriel,Thomas,gabriel.thomas408@mailbox.eu,FR,FR-IDF,2020-07-16,2026-08-26,active,813.48
CLI-10409,Chloe,Durand,chloe.durand409@example.com,FR,FR-IDF,2023-05-18,2026-08-22,active,2013.81
CLI-10410,Tom,Thomas,tom.thomas410@example.fr,LU,LU-LUX,2021-04-27,2026-08-23,active,1428.90
CLI-10411,Zoe,Durand,zoe.durand411@example.fr,FR,FR-OUEST,2024-08-05,2025-11-26,active,7264.92
CLI-10412,Lea,Leroy,lea.leroy412@example.com,FR,FR-IDF,2020-02-22,2026-08-12,active,4508.05
CLI-10413,Jade,Roux,jade.roux413@example.fr,FR,FR-IDF,2021-02-18,2026-08-24,closed,0.00
CLI-10414,Lucas,Thomas,lucas.thomas414@example.com,FR,FR-SUD,2020-06-10,2026-08-17,closed,0.00
CLI-10415,Jade,Bernard,jade.bernard415@example.fr,FR,FR-IDF,2021-07-20,2026-08-27,active,7135.13
CLI-10416,Raphael,Dubois,raphael.dubois416@example.fr,FR,FR-OUEST,2023-11-04,2026-08-24,active,2029.03
CLI-10417,Tom,Andre,tom.andre417@mailbox.eu,FR,FR-SUD,2021-04-08,2026-08-11,active,1107.04
CLI-10418,Leo,Fournier,leo.fournier418@mailbox.eu,BE,BE-BXL,2022-01-12,2026-08-19,active,36.29
CLI-10419,Chloe,Bertrand,chloe.bertrand419@mailbox.eu,BE,BE-BXL,2021-04-07,2026-09-05,closed,0.00
CLI-10420,Gabriel,Roux,gabriel.roux420@mailbox.eu,LU,LU-LUX,2026-05-03,2026-08-11,active,2574.07
CLI-10421,Noah,Thomas,noah.thomas421@mailbox.eu,BE,BE-BXL,2022-10-15,2026-08-18,active,2955.99
CLI-10422,Noah,Bernard,noah.bernard422@example.fr,FR,FR-IDF,2021-10-04,2026-08-23,active,6929.21
CLI-10423,Lea,Leroy,lea.leroy423@example.com,FR,FR-OUEST,2023-02-13,2026-08-18,active,2904.83
CLI-10424,Julia,David,julia.david424@mailbox.eu,LU,LU-LUX,2025-01-09,2026-08-28,active,773.40
CLI-10425,Camille,Thomas,camille.thomas425@mailbox.eu,BE,BE-BXL,2024-08-15,2026-08-12,active,545.34
CLI-10426,Lina,Simon,lina.simon426 @example.com,LU,LU-LUX,2026-04-22,2026-08-28,active,2779.41
CLI-10427,Lea,Vincent,lea.vincent427@example.com,LU,LU-LUX,2025-04-21,2026-08-24,active,734.99
CLI-10428,Camille,Laurent,camille.laurent428@example.com,FR,FR-OUEST,2023-04-10,2026-09-04,active,175.38
CLI-10429,Alice,Garcia,alice.garcia429@example.com,FR,FR-IDF,2022-11-07,2026-08-09,active,6787.99
CLI-10430,Alice,Laurent,alice.laurent430@example.fr,FR,FR-IDF,2024-08-24,2026-08-17,active,4628.25
CLI-10431,Julia,Fournier,julia.fournier431@mailbox.eu,LU,LU-LUX,2021-07-05,2026-07-14,closed,0.00
CLI-10432,Leo,Roux,leo.roux432@example.fr,FR,FR-SUD,2026-06-27,2026-09-04,active,2976.73
CLI-10433,Zoe,Michel,zoe.michel433@example.fr,BE,BE-BXL,2022-10-13,2026-08-29,active,3513.33
CLI-10434,Noah,Roux,noah.roux434@example.com,FR,FR-OUEST,2026-02-21,2026-08-09,closed,0.00
CLI-10435,Noah,Simon,noah.simon435@example.fr,FR,FR-OUEST,2021-06-27,2026-09-02,closed,0.00
CLI-10436,Alice,Thomas,alice.thomas436@mailbox.eu,FR,FR-OUEST,2026-04-22,2026-08-17,active,5623.01
CLI-10437,Adam,Garcia,adam.garcia437@example.com,FR,FR-IDF,2025-11-11,2026-09-06,active,5296.08
CLI-10438,Adam,Moreau,adam.moreau438@example.fr,FR,FR-SUD,2020-09-11,2026-08-14,active,4237.61
CLI-10439,Hugo,Girard,hugo.girard439@mailbox.eu,LU,LU-LUX,2022-07-07,2026-08-31,active,3989.56
CLI-10440,Adam,Bernard,adam.bernard440@example.com,BE,BE-BXL,2024-05-06,2026-08-17,active,2363.76
CLI-10441,Raphael,Moreau,raphael.moreau441@mailbox.eu,FR,FR-SUD,2024-12-19,2026-08-16,active,5618.27
CLI-10442,Ethan,Girard,ethan.girard442@mailbox.eu,FR,FR-SUD,2022-03-03,2026-08-17,active,410.65
CLI-10443,Zoe,Thomas,zoe.thomas443@example.com,BE,BE-BXL,2020-06-15,2026-09-03,active,1119.62
CLI-10444,Lea,David,lea.david444@mailbox.eu,FR,FR-SUD,2020-06-12,2026-09-06,active,6144.02
CLI-10445,Adam,Bertrand,adam.bertrand445@mailbox.eu,LU,LU-LUX,2026-03-03,2026-08-28,active,4108.24
CLI-10446,Manon,Roux,manon.roux446@example.fr,FR,FR-SUD,2024-08-30,2026-08-27,active,1613.82
CLI-10447,Lea,Lefebvre,lea.lefebvre447@mailbox.eu,FR,FR-OUEST,2022-06-13,2026-08-23,closed,0.00
CLI-10448,Camille,Thomas,camille.thomas448@mailbox.eu,FR,FR-OUEST,2024-12-30,2026-08-09,active,4893.28
CLI-10449,Lea,Michel,lea.michel449@example.fr,FR,FR-IDF,2024-04-29,2026-09-07,active,7272.95
CLI-10450,Zoe,Roux,zoe.roux450@example.com,BE,BE-BXL,2025-06-16,2026-09-01,active,2426.56
CLI-10451,Nathan,Vincent,nathan.vincent451@example.fr,LU,LU-LUX,2020-01-31,2026-08-18,active,6143.37
CLI-10452,Hugo,Durand,hugo.durand452@mailbox,LU,LU-LUX,2024-11-17,2026-08-15,active,5425.56
CLI-10453,Lucas,Dubois,lucas.dubois453@example.fr,FR,FR-IDF,2020-08-10,2026-09-05,active,4514.69
CLI-10454,Tom,Michel,,BE,BE-BXL,2024-07-14,2025-08-28,active,770.11
CLI-10455,Raphael,Girard,raphael.girard455@mailbox.eu,FR,FR-IDF,2020-07-05,2026-08-09,active,3923.26
CLI-10456,Adam,Girard,adam.girard456example.com,FR,FR-IDF,2023-02-27,2026-08-26,active,6541.40
CLI-10457,Chloe,Michel,chloe.michel457@mailbox.eu,LU,LU-LUX,2023-04-23,2026-08-17,closed,0.00
CLI-10458,Lina,Lefebvre,lina.lefebvre458@example.com,FR,FR-IDF,2026-03-17,2026-09-06,closed,300.34
CLI-10459,Adam,Durand,adam.durand459@mailbox.eu,FR,FR-OUEST,2022-05-17,2026-08-22,active,968.13
CLI-10460,Ines,Durand,ines.durand460@mailbox.eu,FR,FR-IDF,2022-01-12,2026-09-06,active,6781.38
CLI-10461,Julia,Andre,julia.andre461@example.fr,LU,LU-LUX,2020-10-26,2026-09-04,active,1418.82
CLI-10462,Jules,Robert,jules.robert462@mailbox.eu,FR,FR-SUD,2021-02-13,2026-09-01,active,2405.84
CLI-10463,Gabriel,Simon,gabriel.simon463@example.fr,LU,LU-LUX,2021-09-16,2026-08-28,active,7661.00
CLI-10464,Louis,Leroy,louis.leroy464@example.fr,BE,BE-BXL,2023-02-07,2026-08-15,active,2518.82
CLI-10465,Jules,Simon,jules.simon465@example.com,BE,BE-BXL,2026-03-09,2026-09-05,active,6702.70
CLI-10466,Ethan,Durand,ethan.durand466 @mailbox.eu,FR,FR-OUEST,2020-11-09,2026-08-11,active,3958.86
CLI-10467,Jade,Fournier,jade.fournier467@example.fr,FR,FR-SUD,2020-05-30,2026-08-21,active,3671.25
CLI-10468,Sarah,Leroy,sarah.leroy468@mailbox.eu,LU,LU-LUX,2023-04-06,2026-09-05,active,3053.64
CLI-10469,Louis,Girard,louis.girard469@example.com,FR,FR-SUD,2025-10-06,2026-08-20,active,7579.44
CLI-10470,Raphael,Bertrand,raphael.bertrand470@mailbox.eu,FR,FR-OUEST,2020-06-14,2026-09-05,active,1967.73
CLI-10471,Emma,Roux,emma.roux471@example.com,FR,FR-OUEST,2024-05-08,2026-09-06,active,127.22
CLI-10472,Alice,Roux,alice.roux472@mailbox.eu,FR,FR-OUEST,2022-12-14,2026-08-26,active,5160.14
CLI-10473,Manon,Roux,manon.roux473@example.fr,FR,FR-OUEST,2024-03-21,2026-08-26,closed,0.00
CLI-10474,Leo,Girard,leo.girard474@example.com,FR,FR-IDF,2025-08-17,2026-08-31,closed,323.52
CLI-10475,Nathan,Lefebvre,nathan.lefebvre475@example.fr,LU,LU-LUX,2021-04-29,2026-08-28,active,5706.10
CLI-10476,Leo,Durand,leo.durand476@example.com,LU,LU-LUX,2021-10-22,2026-08-31,active,153.78
CLI-10477,Chloe,Andre,chloe.andre477@example.fr,LU,LU-LUX,2020-06-09,2026-09-02,closed,0.00
CLI-10478,Noah,Fournier,noah.fournier478@example.com,FR,FR-IDF,2023-03-07,2026-08-19,closed,0.00
CLI-10479,Louis,Garcia,louis.garcia479@example.com,LU,LU-LUX,2021-08-07,2026-09-02,active,4910.34
CLI-10480,Raphael,Laurent,raphael.laurent480@mailbox.eu,BE,BE-BXL,2020-10-08,2026-09-04,active,-64.19
CLI-10481,Gabriel,Garcia,gabriel.garcia481@mailbox.eu,FR,FR-SUD,2021-01-29,2026-08-19,active,120.10
CLI-10482,Jade,Thomas,jade.thomas482@mailbox.eu,FR,FR-IDF,2025-05-29,2026-08-21,active,6585.68
CLI-10483,Lina,Garcia,lina.garcia483@example.fr,LU,LU-LUX,2024-09-19,2025-11-09,active,3317.44
CLI-10484,Jade,Michel,jade.michel484@example.com,FR,FR-OUEST,2026-06-17,2026-08-23,active,6080.04
CLI-10485,Adam,Girard,adam.girard485@example.com,LU,LU-LUX,2024-07-31,2026-08-04,active,4539.49
CLI-10486,Sarah,Andre,sarah.andre486@mailbox.eu,FR,FR-SUD,2023-07-17,2026-08-25,active,5142.92
CLI-10487,Tom,Fournier,tom.fournier487@example.fr,FR,FR-OUEST,2023-02-02,2026-09-01,closed,0.00
CLI-10488,Nathan,Lefebvre,nathan.lefebvre488@mailbox.eu,LU,LU-LUX,2026-03-22,2026-08-20,active,2623.72
CLI-10489,Chloe,Thomas,chloe.thomas489@example.fr,FR,FR-SUD,2025-01-03,2026-09-04,active,1558.56
CLI-10490,Ethan,Girard,ethan.girard490@mailbox.eu,FR,FR-IDF,2021-10-20,2026-08-13,active,546.93
CLI-10491,Tom,Dubois,tom.dubois491@example.fr,FR,FR-IDF,2022-12-13,2026-09-06,active,5740.86
CLI-10492,Noah,Andre,noah.andre492@example.fr,LU,LU-LUX,2023-03-19,2026-08-14,active,6525.88
CLI-10493,Camille,Durand,camille.durand493@example.com,LU,LU-LUX,2023-03-17,2026-08-22,active,4029.67
CLI-10494,Gabriel,Bernard,gabriel.bernard494@example.fr,FR,FR-OUEST,2022-09-06,2026-09-05,active,7973.90
CLI-10495,Gabriel,Michel,gabriel.michel495@mailbox.eu,BE,BE-BXL,2022-03-31,2026-09-05,active,7337.25
CLI-10496,Ethan,Fournier,ethan.fournier496@example.fr,FR,FR-OUEST,2023-11-24,2026-08-19,closed,0.00
CLI-10497,Anna,Martin,anna.martin497@example.com,FR,FR-OUEST,2021-12-17,2026-09-05,active,3925.99
CLI-10498,Zoe,Moreau,zoe.moreau498@example.fr,LU,LU-LUX,2026-06-12,2026-08-26,active,4417.98
CLI-10499,Jade,David,jade.david499@mailbox.eu,BE,BE-BXL,2020-04-22,2026-08-26,active,4996.03
CLI-10500,Alice,Leroy,alice.leroy500@example.fr,FR,FR-OUEST,2024-08-16,2026-09-07,closed,0.00
CLI-10501,Manon,Michel,manon.michel501@example.fr,FR,FR-OUEST,2020-11-07,2026-08-28,active,2699.01
CLI-10502,Nathan,Durand,nathan.durand502@example.com,BE,BE-BXL,2022-03-28,2026-08-30,active,1495.58
CLI-10503,Noah,Lefebvre,,FR,FR-SUD,2021-03-12,2026-08-17,active,3839.85
CLI-10504,Ethan,Bernard,ethan.bernard504@example.fr,BE,BE-BXL,2024-02-29,2026-08-10,active,7155.40
CLI-10505,Nathan,Roux,nathan.roux505@mailbox.eu,FR,FR-OUEST,2024-06-17,2026-09-06,active,4111.03
CLI-10506,Lucas,Roux,lucas.roux506@example.fr,FR,FR-OUEST,2024-05-31,2026-08-24,closed,0.00
CLI-10507,Lea,Martin,lea.martin507@mailbox.eu,FR,FR-IDF,2022-05-13,2026-08-27,active,4824.78
CLI-10508,Ines,Leroy,ines.leroy508@mailbox.eu,FR,FR-OUEST,2025-04-14,2026-09-02,closed,0.00
CLI-10509,Jade,Lefebvre,jade.lefebvre509@example.com,FR,FR-OUEST,2024-06-28,2026-09-03,active,7830.03
CLI-10510,Raphael,Moreau,raphael.moreau510@example.fr,FR,FR-SUD,2026-03-24,2026-09-03,active,6360.31
CLI-10511,Camille,Petit,camille.petit511@example.fr,BE,BE-BXL,2025-08-08,2026-08-18,active,4039.46
CLI-10512,Adam,Moreau,adam.moreau512@example.fr,LU,LU-LUX,2026-05-14,2026-09-02,active,292.30
CLI-10513,Lina,Thomas,lina.thomas513@example.com,BE,BE-BXL,2023-10-02,2026-08-21,active,7441.13
CLI-10514,Tom,Thomas,tom.thomas514@example.fr,FR,FR-OUEST,2022-03-25,2026-08-21,active,1231.22
CLI-10515,Lea,Roux,lea.roux515@example.com,BE,BE-BXL,2025-01-04,2026-08-29,closed,0.00
CLI-10516,Lina,Laurent,lina.laurent516@example.fr,BE,BE-BXL,2026-05-30,2026-09-05,active,1128.40
CLI-10517,Lina,Simon,lina.simon517@mailbox.eu,FR,FR-OUEST,2024-06-07,2026-08-11,active,7497.91
CLI-10518,Julia,Garcia,julia.garcia518@mailbox.eu,FR,FR-SUD,2022-01-23,2026-08-31,closed,0.00
CLI-10519,Raphael,Dubois,raphael.dubois519@example.com,FR,FR-SUD,2021-11-14,2026-08-09,active,7005.27
CLI-10520,Jade,Michel,jade.michel520@example.fr,LU,LU-LUX,2020-12-06,2026-09-05,active,5169.63
CLI-10011,Duplicate,Robert,julia.robert11@mailbox.eu,FR,FR-OUEST,2021-07-25,2026-08-30,active,5925.51
